{
  "summary": {
    "model": "./res2net50_14w_8s.onnx",
    "node_count": 430,
    "input_count": 1,
    "output_count": 1,
    "num_params": 25028418,
    "model_size": 95.56085205078125
  },
  "parameter_data_types": {
    "FLOAT": 25028418
  },
  "operators": {
    "Conv": {
      "count": 149,
      "percentage": 34.651162790697676
    },
    "Relu": {
      "count": 145,
      "percentage": 33.72093023255814
    },
    "MaxPool": {
      "count": 1,
      "percentage": 0.23255813953488372
    },
    "Split": {
      "count": 16,
      "percentage": 3.7209302325581395
    },
    "Constant": {
      "count": 4,
      "percentage": 0.9302325581395349
    },
    "Pad": {
      "count": 4,
      "percentage": 0.9302325581395349
    },
    "AveragePool": {
      "count": 4,
      "percentage": 0.9302325581395349
    },
    "Concat": {
      "count": 16,
      "percentage": 3.7209302325581395
    },
    "Add": {
      "count": 88,
      "percentage": 20.46511627906977
    },
    "GlobalAveragePool": {
      "count": 1,
      "percentage": 0.23255813953488372
    },
    "Flatten": {
      "count": 1,
      "percentage": 0.23255813953488372
    },
    "Gemm": {
      "count": 1,
      "percentage": 0.23255813953488372
    }
  },
  "operators_list": [
    "Conv",
    "Relu",
    "MaxPool",
    "Split",
    "Constant",
    "Pad",
    "AveragePool",
    "Concat",
    "Add",
    "GlobalAveragePool",
    "Flatten",
    "Gemm"
  ],
  "inputs": [
    {
      "name": "input",
      "dtype": "FLOAT",
      "shape": [
        0,
        3,
        224,
        224
      ]
    }
  ],
  "outputs": [
    {
      "name": "output",
      "dtype": "FLOAT",
      "shape": [
        0,
        1000
      ]
    }
  ]
}