{
  "summary": {
    "model": "./poolformer_s24.onnx",
    "node_count": 836,
    "input_count": 1,
    "output_count": 1,
    "num_params": 21388968,
    "model_size": 81.76586723327637
  },
  "parameter_data_types": {
    "FLOAT": 21388968
  },
  "operators": {
    "Conv": {
      "count": 52,
      "percentage": 6.220095693779904
    },
    "Constant": {
      "count": 218,
      "percentage": 26.076555023923444
    },
    "Reshape": {
      "count": 96,
      "percentage": 11.483253588516746
    },
    "InstanceNormalization": {
      "count": 48,
      "percentage": 5.741626794258373
    },
    "Shape": {
      "count": 48,
      "percentage": 5.741626794258373
    },
    "Mul": {
      "count": 145,
      "percentage": 17.3444976076555
    },
    "Add": {
      "count": 122,
      "percentage": 14.5933014354067
    },
    "AveragePool": {
      "count": 24,
      "percentage": 2.8708133971291865
    },
    "Sub": {
      "count": 25,
      "percentage": 2.9904306220095696
    },
    "Div": {
      "count": 25,
      "percentage": 2.9904306220095696
    },
    "Erf": {
      "count": 24,
      "percentage": 2.8708133971291865
    },
    "GlobalAveragePool": {
      "count": 1,
      "percentage": 0.11961722488038277
    },
    "Transpose": {
      "count": 2,
      "percentage": 0.23923444976076555
    },
    "ReduceMean": {
      "count": 2,
      "percentage": 0.23923444976076555
    },
    "Pow": {
      "count": 1,
      "percentage": 0.11961722488038277
    },
    "Sqrt": {
      "count": 1,
      "percentage": 0.11961722488038277
    },
    "Flatten": {
      "count": 1,
      "percentage": 0.11961722488038277
    },
    "Gemm": {
      "count": 1,
      "percentage": 0.11961722488038277
    }
  },
  "operators_list": [
    "Conv",
    "Constant",
    "Reshape",
    "InstanceNormalization",
    "Shape",
    "Mul",
    "Add",
    "AveragePool",
    "Sub",
    "Div",
    "Erf",
    "GlobalAveragePool",
    "Transpose",
    "ReduceMean",
    "Pow",
    "Sqrt",
    "Flatten",
    "Gemm"
  ],
  "inputs": [
    {
      "name": "input",
      "dtype": "FLOAT",
      "shape": [
        0,
        3,
        224,
        224
      ]
    }
  ],
  "outputs": [
    {
      "name": "output",
      "dtype": "FLOAT",
      "shape": [
        0,
        1000
      ]
    }
  ]
}