{
  "summary": {
    "model": "./convnextv2_atto.onnx",
    "node_count": 564,
    "input_count": 1,
    "output_count": 1,
    "num_params": 3708400,
    "model_size": 14.25900650024414
  },
  "parameter_data_types": {
    "FLOAT": 3708400
  },
  "operators": {
    "Conv": {
      "count": 40,
      "percentage": 7.092198581560284
    },
    "Transpose": {
      "count": 34,
      "percentage": 6.028368794326241
    },
    "ReduceMean": {
      "count": 46,
      "percentage": 8.156028368794328
    },
    "Sub": {
      "count": 17,
      "percentage": 3.0141843971631204
    },
    "Constant": {
      "count": 118,
      "percentage": 20.921985815602838
    },
    "Pow": {
      "count": 41,
      "percentage": 7.2695035460992905
    },
    "Add": {
      "count": 94,
      "percentage": 16.666666666666664
    },
    "Sqrt": {
      "count": 17,
      "percentage": 3.0141843971631204
    },
    "Div": {
      "count": 41,
      "percentage": 7.2695035460992905
    },
    "Mul": {
      "count": 77,
      "percentage": 13.652482269503546
    },
    "Erf": {
      "count": 12,
      "percentage": 2.127659574468085
    },
    "Abs": {
      "count": 12,
      "percentage": 2.127659574468085
    },
    "ReduceSum": {
      "count": 12,
      "percentage": 2.127659574468085
    },
    "GlobalAveragePool": {
      "count": 1,
      "percentage": 0.1773049645390071
    },
    "Flatten": {
      "count": 1,
      "percentage": 0.1773049645390071
    },
    "Gemm": {
      "count": 1,
      "percentage": 0.1773049645390071
    }
  },
  "operators_list": [
    "Conv",
    "Transpose",
    "ReduceMean",
    "Sub",
    "Constant",
    "Pow",
    "Add",
    "Sqrt",
    "Div",
    "Mul",
    "Erf",
    "Abs",
    "ReduceSum",
    "GlobalAveragePool",
    "Flatten",
    "Gemm"
  ],
  "inputs": [
    {
      "name": "input",
      "dtype": "FLOAT",
      "shape": [
        0,
        3,
        224,
        224
      ]
    }
  ],
  "outputs": [
    {
      "name": "output",
      "dtype": "FLOAT",
      "shape": [
        0,
        1000
      ]
    }
  ]
}