{
  "summary": {
    "model": "./focalnet_tiny_srf.onnx",
    "node_count": 1148,
    "input_count": 1,
    "output_count": 1,
    "num_params": 28427116,
    "model_size": 108.68166542053223
  },
  "parameter_data_types": {
    "FLOAT": 28427116
  },
  "operators": {
    "Conv": {
      "count": 88,
      "percentage": 7.665505226480835
    },
    "Transpose": {
      "count": 54,
      "percentage": 4.70383275261324
    },
    "ReduceMean": {
      "count": 70,
      "percentage": 6.097560975609756
    },
    "Sub": {
      "count": 29,
      "percentage": 2.5261324041811846
    },
    "Constant": {
      "count": 346,
      "percentage": 30.139372822299652
    },
    "Pow": {
      "count": 29,
      "percentage": 2.5261324041811846
    },
    "Add": {
      "count": 154,
      "percentage": 13.414634146341465
    },
    "Sqrt": {
      "count": 29,
      "percentage": 2.5261324041811846
    },
    "Div": {
      "count": 77,
      "percentage": 6.707317073170732
    },
    "Mul": {
      "count": 173,
      "percentage": 15.069686411149826
    },
    "Split": {
      "count": 12,
      "percentage": 1.0452961672473868
    },
    "Erf": {
      "count": 48,
      "percentage": 4.181184668989547
    },
    "Slice": {
      "count": 36,
      "percentage": 3.1358885017421603
    },
    "GlobalAveragePool": {
      "count": 1,
      "percentage": 0.08710801393728224
    },
    "Flatten": {
      "count": 1,
      "percentage": 0.08710801393728224
    },
    "Gemm": {
      "count": 1,
      "percentage": 0.08710801393728224
    }
  },
  "operators_list": [
    "Conv",
    "Transpose",
    "ReduceMean",
    "Sub",
    "Constant",
    "Pow",
    "Add",
    "Sqrt",
    "Div",
    "Mul",
    "Split",
    "Erf",
    "Slice",
    "GlobalAveragePool",
    "Flatten",
    "Gemm"
  ],
  "inputs": [
    {
      "name": "input",
      "dtype": "FLOAT",
      "shape": [
        0,
        3,
        224,
        224
      ]
    }
  ],
  "outputs": [
    {
      "name": "output",
      "dtype": "FLOAT",
      "shape": [
        0,
        1000
      ]
    }
  ]
}