{
  "summary": {
    "model": "./convnext_nano.onnx",
    "node_count": 436,
    "input_count": 1,
    "output_count": 1,
    "num_params": 15593560,
    "model_size": 59.573527336120605
  },
  "parameter_data_types": {
    "FLOAT": 15593560
  },
  "operators": {
    "Conv": {
      "count": 46,
      "percentage": 10.550458715596331
    },
    "Transpose": {
      "count": 38,
      "percentage": 8.715596330275229
    },
    "ReduceMean": {
      "count": 38,
      "percentage": 8.715596330275229
    },
    "Sub": {
      "count": 19,
      "percentage": 4.3577981651376145
    },
    "Constant": {
      "count": 80,
      "percentage": 18.34862385321101
    },
    "Pow": {
      "count": 19,
      "percentage": 4.3577981651376145
    },
    "Add": {
      "count": 66,
      "percentage": 15.137614678899084
    },
    "Sqrt": {
      "count": 19,
      "percentage": 4.3577981651376145
    },
    "Div": {
      "count": 33,
      "percentage": 7.568807339449542
    },
    "Mul": {
      "count": 61,
      "percentage": 13.990825688073393
    },
    "Erf": {
      "count": 14,
      "percentage": 3.211009174311927
    },
    "GlobalAveragePool": {
      "count": 1,
      "percentage": 0.22935779816513763
    },
    "Flatten": {
      "count": 1,
      "percentage": 0.22935779816513763
    },
    "Gemm": {
      "count": 1,
      "percentage": 0.22935779816513763
    }
  },
  "operators_list": [
    "Conv",
    "Transpose",
    "ReduceMean",
    "Sub",
    "Constant",
    "Pow",
    "Add",
    "Sqrt",
    "Div",
    "Mul",
    "Erf",
    "GlobalAveragePool",
    "Flatten",
    "Gemm"
  ],
  "inputs": [
    {
      "name": "input",
      "dtype": "FLOAT",
      "shape": [
        0,
        3,
        224,
        224
      ]
    }
  ],
  "outputs": [
    {
      "name": "output",
      "dtype": "FLOAT",
      "shape": [
        0,
        1000
      ]
    }
  ]
}