{
  "summary": {
    "model": "./mixer_l16_224.onnx",
    "node_count": 1223,
    "input_count": 1,
    "output_count": 1,
    "num_params": 208196168,
    "model_size": 794.3934268951416
  },
  "parameter_data_types": {
    "FLOAT": 208196168
  },
  "operators": {
    "Conv": {
      "count": 1,
      "percentage": 0.08176614881439084
    },
    "Shape": {
      "count": 1,
      "percentage": 0.08176614881439084
    },
    "Constant": {
      "count": 246,
      "percentage": 20.114472608340147
    },
    "Slice": {
      "count": 1,
      "percentage": 0.08176614881439084
    },
    "Concat": {
      "count": 1,
      "percentage": 0.08176614881439084
    },
    "Reshape": {
      "count": 1,
      "percentage": 0.08176614881439084
    },
    "Transpose": {
      "count": 49,
      "percentage": 4.006541291905151
    },
    "ReduceMean": {
      "count": 99,
      "percentage": 8.094848732624694
    },
    "Sub": {
      "count": 49,
      "percentage": 4.006541291905151
    },
    "Pow": {
      "count": 49,
      "percentage": 4.006541291905151
    },
    "Add": {
      "count": 290,
      "percentage": 23.712183156173346
    },
    "Sqrt": {
      "count": 49,
      "percentage": 4.006541291905151
    },
    "Div": {
      "count": 97,
      "percentage": 7.931316434995912
    },
    "Mul": {
      "count": 145,
      "percentage": 11.856091578086673
    },
    "MatMul": {
      "count": 96,
      "percentage": 7.849550286181521
    },
    "Erf": {
      "count": 48,
      "percentage": 3.9247751430907605
    },
    "Gemm": {
      "count": 1,
      "percentage": 0.08176614881439084
    }
  },
  "operators_list": [
    "Conv",
    "Shape",
    "Constant",
    "Slice",
    "Concat",
    "Reshape",
    "Transpose",
    "ReduceMean",
    "Sub",
    "Pow",
    "Add",
    "Sqrt",
    "Div",
    "Mul",
    "MatMul",
    "Erf",
    "Gemm"
  ],
  "inputs": [
    {
      "name": "input",
      "dtype": "FLOAT",
      "shape": [
        0,
        3,
        224,
        224
      ]
    }
  ],
  "outputs": [
    {
      "name": "output",
      "dtype": "FLOAT",
      "shape": [
        0,
        1000
      ]
    }
  ]
}