{
  "summary": {
    "model": "./convformer_s18.onnx",
    "node_count": 843,
    "input_count": 1,
    "output_count": 1,
    "num_params": 26774448,
    "model_size": 102.3123664855957
  },
  "parameter_data_types": {
    "FLOAT": 26774448
  },
  "operators": {
    "Conv": {
      "count": 94,
      "percentage": 11.150652431791222
    },
    "Transpose": {
      "count": 81,
      "percentage": 9.608540925266903
    },
    "ReduceMean": {
      "count": 84,
      "percentage": 9.9644128113879
    },
    "Sub": {
      "count": 42,
      "percentage": 4.98220640569395
    },
    "Constant": {
      "count": 120,
      "percentage": 14.23487544483986
    },
    "Pow": {
      "count": 78,
      "percentage": 9.252669039145907
    },
    "Add": {
      "count": 116,
      "percentage": 13.76037959667853
    },
    "Sqrt": {
      "count": 42,
      "percentage": 4.98220640569395
    },
    "Div": {
      "count": 42,
      "percentage": 4.98220640569395
    },
    "Mul": {
      "count": 103,
      "percentage": 12.218268090154211
    },
    "Relu": {
      "count": 37,
      "percentage": 4.389086595492289
    },
    "GlobalAveragePool": {
      "count": 1,
      "percentage": 0.11862396204033215
    },
    "Flatten": {
      "count": 1,
      "percentage": 0.11862396204033215
    },
    "Gemm": {
      "count": 2,
      "percentage": 0.2372479240806643
    }
  },
  "operators_list": [
    "Conv",
    "Transpose",
    "ReduceMean",
    "Sub",
    "Constant",
    "Pow",
    "Add",
    "Sqrt",
    "Div",
    "Mul",
    "Relu",
    "GlobalAveragePool",
    "Flatten",
    "Gemm"
  ],
  "inputs": [
    {
      "name": "input",
      "dtype": "FLOAT",
      "shape": [
        0,
        3,
        224,
        224
      ]
    }
  ],
  "outputs": [
    {
      "name": "output",
      "dtype": "FLOAT",
      "shape": [
        0,
        1000
      ]
    }
  ]
}