{
  "summary": {
    "model": "./poolformerv2_m36.onnx",
    "node_count": 1232,
    "input_count": 1,
    "output_count": 1,
    "num_params": 56077168,
    "model_size": 214.16814517974854
  },
  "parameter_data_types": {
    "FLOAT": 56077168
  },
  "operators": {
    "Conv": {
      "count": 76,
      "percentage": 6.1688311688311686
    },
    "Transpose": {
      "count": 10,
      "percentage": 0.8116883116883116
    },
    "ReduceMean": {
      "count": 10,
      "percentage": 0.8116883116883116
    },
    "Sub": {
      "count": 41,
      "percentage": 3.3279220779220777
    },
    "Constant": {
      "count": 334,
      "percentage": 27.110389610389614
    },
    "Pow": {
      "count": 41,
      "percentage": 3.3279220779220777
    },
    "Add": {
      "count": 186,
      "percentage": 15.0974025974026
    },
    "Sqrt": {
      "count": 5,
      "percentage": 0.4058441558441558
    },
    "Div": {
      "count": 5,
      "percentage": 0.4058441558441558
    },
    "Mul": {
      "count": 161,
      "percentage": 13.068181818181818
    },
    "Reshape": {
      "count": 144,
      "percentage": 11.688311688311687
    },
    "InstanceNormalization": {
      "count": 72,
      "percentage": 5.844155844155844
    },
    "Shape": {
      "count": 72,
      "percentage": 5.844155844155844
    },
    "AveragePool": {
      "count": 36,
      "percentage": 2.922077922077922
    },
    "Relu": {
      "count": 36,
      "percentage": 2.922077922077922
    },
    "GlobalAveragePool": {
      "count": 1,
      "percentage": 0.08116883116883117
    },
    "Flatten": {
      "count": 1,
      "percentage": 0.08116883116883117
    },
    "Gemm": {
      "count": 1,
      "percentage": 0.08116883116883117
    }
  },
  "operators_list": [
    "Conv",
    "Transpose",
    "ReduceMean",
    "Sub",
    "Constant",
    "Pow",
    "Add",
    "Sqrt",
    "Div",
    "Mul",
    "Reshape",
    "InstanceNormalization",
    "Shape",
    "AveragePool",
    "Relu",
    "GlobalAveragePool",
    "Flatten",
    "Gemm"
  ],
  "inputs": [
    {
      "name": "input",
      "dtype": "FLOAT",
      "shape": [
        0,
        3,
        224,
        224
      ]
    }
  ],
  "outputs": [
    {
      "name": "output",
      "dtype": "FLOAT",
      "shape": [
        0,
        1000
      ]
    }
  ]
}