{
  "summary": {
    "model": "./mixer_b16_224.onnx",
    "node_count": 623,
    "input_count": 1,
    "output_count": 1,
    "num_params": 59880472,
    "model_size": 228.52013874053955
  },
  "parameter_data_types": {
    "FLOAT": 59880472
  },
  "operators": {
    "Conv": {
      "count": 1,
      "percentage": 0.16051364365971107
    },
    "Shape": {
      "count": 1,
      "percentage": 0.16051364365971107
    },
    "Constant": {
      "count": 126,
      "percentage": 20.224719101123593
    },
    "Slice": {
      "count": 1,
      "percentage": 0.16051364365971107
    },
    "Concat": {
      "count": 1,
      "percentage": 0.16051364365971107
    },
    "Reshape": {
      "count": 1,
      "percentage": 0.16051364365971107
    },
    "Transpose": {
      "count": 25,
      "percentage": 4.012841091492777
    },
    "ReduceMean": {
      "count": 51,
      "percentage": 8.186195826645266
    },
    "Sub": {
      "count": 25,
      "percentage": 4.012841091492777
    },
    "Pow": {
      "count": 25,
      "percentage": 4.012841091492777
    },
    "Add": {
      "count": 146,
      "percentage": 23.434991974317818
    },
    "Sqrt": {
      "count": 25,
      "percentage": 4.012841091492777
    },
    "Div": {
      "count": 49,
      "percentage": 7.865168539325842
    },
    "Mul": {
      "count": 73,
      "percentage": 11.717495987158909
    },
    "MatMul": {
      "count": 48,
      "percentage": 7.704654895666131
    },
    "Erf": {
      "count": 24,
      "percentage": 3.8523274478330656
    },
    "Gemm": {
      "count": 1,
      "percentage": 0.16051364365971107
    }
  },
  "operators_list": [
    "Conv",
    "Shape",
    "Constant",
    "Slice",
    "Concat",
    "Reshape",
    "Transpose",
    "ReduceMean",
    "Sub",
    "Pow",
    "Add",
    "Sqrt",
    "Div",
    "Mul",
    "MatMul",
    "Erf",
    "Gemm"
  ],
  "inputs": [
    {
      "name": "input",
      "dtype": "FLOAT",
      "shape": [
        0,
        3,
        224,
        224
      ]
    }
  ],
  "outputs": [
    {
      "name": "output",
      "dtype": "FLOAT",
      "shape": [
        0,
        1000
      ]
    }
  ]
}