{
  "summary": {
    "model": "./focalnet_xlarge_fl3.onnx",
    "node_count": 2664,
    "input_count": 1,
    "output_count": 1,
    "num_params": 408787378,
    "model_size": 1559.9886302947998
  },
  "parameter_data_types": {
    "FLOAT": 408787378
  },
  "operators": {
    "Conv": {
      "count": 196,
      "percentage": 7.3573573573573565
    },
    "Transpose": {
      "count": 106,
      "percentage": 3.978978978978979
    },
    "ReduceMean": {
      "count": 130,
      "percentage": 4.87987987987988
    },
    "Sub": {
      "count": 53,
      "percentage": 1.9894894894894894
    },
    "Constant": {
      "count": 850,
      "percentage": 31.906906906906908
    },
    "Pow": {
      "count": 53,
      "percentage": 1.9894894894894894
    },
    "Add": {
      "count": 346,
      "percentage": 12.987987987987987
    },
    "Sqrt": {
      "count": 53,
      "percentage": 1.9894894894894894
    },
    "Div": {
      "count": 173,
      "percentage": 6.4939939939939935
    },
    "Mul": {
      "count": 461,
      "percentage": 17.304804804804803
    },
    "Split": {
      "count": 24,
      "percentage": 0.9009009009009009
    },
    "Erf": {
      "count": 120,
      "percentage": 4.504504504504505
    },
    "Slice": {
      "count": 96,
      "percentage": 3.6036036036036037
    },
    "GlobalAveragePool": {
      "count": 1,
      "percentage": 0.03753753753753754
    },
    "Flatten": {
      "count": 1,
      "percentage": 0.03753753753753754
    },
    "Gemm": {
      "count": 1,
      "percentage": 0.03753753753753754
    }
  },
  "operators_list": [
    "Conv",
    "Transpose",
    "ReduceMean",
    "Sub",
    "Constant",
    "Pow",
    "Add",
    "Sqrt",
    "Div",
    "Mul",
    "Split",
    "Erf",
    "Slice",
    "GlobalAveragePool",
    "Flatten",
    "Gemm"
  ],
  "inputs": [
    {
      "name": "input",
      "dtype": "FLOAT",
      "shape": [
        0,
        3,
        384,
        384
      ]
    }
  ],
  "outputs": [
    {
      "name": "output",
      "dtype": "FLOAT",
      "shape": [
        0,
        21842
      ]
    }
  ]
}