{
  "summary": {
    "model": "./convnext_large_mlp.onnx",
    "node_count": 1089,
    "input_count": 1,
    "output_count": 1,
    "num_params": 200128168,
    "model_size": 763.6421918869019
  },
  "parameter_data_types": {
    "FLOAT": 200128168
  },
  "operators": {
    "Conv": {
      "count": 40,
      "percentage": 3.6730945821854912
    },
    "Transpose": {
      "count": 82,
      "percentage": 7.529843893480257
    },
    "ReduceMean": {
      "count": 82,
      "percentage": 7.529843893480257
    },
    "Sub": {
      "count": 41,
      "percentage": 3.7649219467401287
    },
    "Constant": {
      "count": 193,
      "percentage": 17.722681359044994
    },
    "Pow": {
      "count": 41,
      "percentage": 3.7649219467401287
    },
    "Add": {
      "count": 227,
      "percentage": 20.84481175390266
    },
    "Sqrt": {
      "count": 41,
      "percentage": 3.7649219467401287
    },
    "Div": {
      "count": 78,
      "percentage": 7.162534435261708
    },
    "Mul": {
      "count": 151,
      "percentage": 13.86593204775023
    },
    "MatMul": {
      "count": 72,
      "percentage": 6.6115702479338845
    },
    "Erf": {
      "count": 37,
      "percentage": 3.3976124885215793
    },
    "GlobalAveragePool": {
      "count": 1,
      "percentage": 0.09182736455463728
    },
    "Flatten": {
      "count": 1,
      "percentage": 0.09182736455463728
    },
    "Gemm": {
      "count": 2,
      "percentage": 0.18365472910927455
    }
  },
  "operators_list": [
    "Conv",
    "Transpose",
    "ReduceMean",
    "Sub",
    "Constant",
    "Pow",
    "Add",
    "Sqrt",
    "Div",
    "Mul",
    "MatMul",
    "Erf",
    "GlobalAveragePool",
    "Flatten",
    "Gemm"
  ],
  "inputs": [
    {
      "name": "input",
      "dtype": "FLOAT",
      "shape": [
        0,
        3,
        320,
        320
      ]
    }
  ],
  "outputs": [
    {
      "name": "output",
      "dtype": "FLOAT",
      "shape": [
        0,
        1000
      ]
    }
  ]
}