{
  "summary": {
    "model": "./swin_s3_base_224.onnx",
    "node_count": 8663,
    "input_count": 1,
    "output_count": 1,
    "num_params": 84840394,
    "model_size": 325.9703207015991
  },
  "parameter_data_types": {
    "FLOAT": 84840394
  },
  "operators": {
    "Conv": {
      "count": 1,
      "percentage": 0.01154334526145677
    },
    "Transpose": {
      "count": 220,
      "percentage": 2.5395359575204894
    },
    "ReduceMean": {
      "count": 155,
      "percentage": 1.7892185155257996
    },
    "Sub": {
      "count": 185,
      "percentage": 2.1355188733695027
    },
    "Constant": {
      "count": 2734,
      "percentage": 31.559505944822806
    },
    "Pow": {
      "count": 77,
      "percentage": 0.8888375851321714
    },
    "Add": {
      "count": 516,
      "percentage": 5.956366154911693
    },
    "Sqrt": {
      "count": 77,
      "percentage": 0.8888375851321714
    },
    "Div": {
      "count": 263,
      "percentage": 3.0358998037631304
    },
    "Mul": {
      "count": 185,
      "percentage": 2.1355188733695027
    },
    "Shape": {
      "count": 555,
      "percentage": 6.406556620108507
    },
    "Gather": {
      "count": 552,
      "percentage": 6.371926584324138
    },
    "Mod": {
      "count": 144,
      "percentage": 1.6622417176497748
    },
    "Unsqueeze": {
      "count": 1064,
      "percentage": 12.282119358190004
    },
    "Concat": {
      "count": 486,
      "percentage": 5.61006579706799
    },
    "Cast": {
      "count": 372,
      "percentage": 4.294124437261918
    },
    "ConstantOfShape": {
      "count": 36,
      "percentage": 0.4155604294124437
    },
    "Reshape": {
      "count": 442,
      "percentage": 5.102158605563893
    },
    "Slice": {
      "count": 127,
      "percentage": 1.4660048482050099
    },
    "Pad": {
      "count": 36,
      "percentage": 0.4155604294124437
    },
    "MatMul": {
      "count": 219,
      "percentage": 2.5279926122590326
    },
    "Split": {
      "count": 36,
      "percentage": 0.4155604294124437
    },
    "Squeeze": {
      "count": 108,
      "percentage": 1.2466812882373313
    },
    "Softmax": {
      "count": 36,
      "percentage": 0.4155604294124437
    },
    "Erf": {
      "count": 36,
      "percentage": 0.4155604294124437
    },
    "Gemm": {
      "count": 1,
      "percentage": 0.01154334526145677
    }
  },
  "operators_list": [
    "Conv",
    "Transpose",
    "ReduceMean",
    "Sub",
    "Constant",
    "Pow",
    "Add",
    "Sqrt",
    "Div",
    "Mul",
    "Shape",
    "Gather",
    "Mod",
    "Unsqueeze",
    "Concat",
    "Cast",
    "ConstantOfShape",
    "Reshape",
    "Slice",
    "Pad",
    "MatMul",
    "Split",
    "Squeeze",
    "Softmax",
    "Erf",
    "Gemm"
  ],
  "inputs": [
    {
      "name": "input",
      "dtype": "FLOAT",
      "shape": [
        0,
        3,
        224,
        224
      ]
    }
  ],
  "outputs": [
    {
      "name": "output",
      "dtype": "FLOAT",
      "shape": [
        0,
        1000
      ]
    }
  ]
}